P01824	YYCAR	5	1-7
B0REL8	GRKVADV	7	1-7
P46066	NPA	3	1-7
Q9P7M5	AKPY	4	1-7
A5N8H9	VKASNI	6	1-7
Q10100	NYG	3	1-7
C4LAI3	MSLLQRS	7	1-7
Q8LR63	AFRVIDV	7	1-7
B8YB63	HYTRPI	6	1-7
P13812	RES	3	1-7
B0R2X8	GGPGA	5	1-7
Q5VVS0	KETA	4	1-7
Q4JUK1	MEA	3	1-7
Q23921	QMNWPPG	7	1-7
B2RGQ9	D	1	1-7
Q9BTD1	GTP	3	1-7
Q9KVS9	HWLMKS	6	1-7
P90698	TFKVTLT	7	1-7
Q7VV89	TATAAE	6	1-7
P02809	Y	1	1-7
A0MH06	RP	2	1-7
A5WHA7	IPVQVS	6	1-7
B4XT05	SRVPR	5	1-7
O29798	D	1	1-7
A6H5L8	VL	2	1-7
B0BZS9	MMPYS	5	1-7
C5BQ79	E	1	1-7
Q8YUS9	LFASIFGTF	9	8-17
Q18319	DDDSGSWSQSLF	12	8-17
P00676	DASVAASA	8	8-17
P19948	NPLRLYSGKV	10	8-17
C0HMC4	DTPSDWSXFTRYTYK	15	8-17
B1HZH6	AFDHLWELYEGQA	13	8-17
Q89X75	HYKSIQQQLSSTAMH	15	8-17
Q8TGQ1	YLCASLSL	8	8-17
Q47719	PTHEDIIDNNRSINWPV	17	8-17
A7HDE0	AEAAAVILQGWLDGRHA	17	8-17
O28364	FSKIGTIASVIV	12	8-17
B4R981	GAYPLEAEMA	10	8-17
A1W1U9	INKEMPMDISNVAKVQE	17	8-17
Q58132	LIKVVKPKKKDENKNKK	17	8-17
B0RYY1	EQAREAQAERDRDAR	15	8-17
P0C7J8	QGGAGWPPIPP	11	8-17
Q8YAB0	WMEKALEIVEKGVETN	16	8-17
Q54UN8	RRGGNKKSERVSGFSGR	17	8-17
Q5Y4V8	YPGCMCRPNSG	11	8-17
P42049	ELNPSLVISLSXGL	14	8-17
P0A362	GPSAVNVVAL	10	8-17
Q589G4	FMTRRDCEHYCEELL	15	8-17
P41490	RLHQNGMPFSPRL	13	8-17
Q28UU0	VGGEVLCTIF	10	8-17
A8GKN0	TINIMPRGQFRAGQEEI	17	8-17
Q7CXI0	LGPLSSGQSITWLEKRF	17	8-17
O26139	SDDIEEIKKELESLE	15	8-17
F4JRA6	VGALWSLRHMGHMIVL	16	8-17
Q96GU1	KVLEAGEGQL	10	8-17
P0DTB6	YLYRRSKGIRDGYLDE	16	8-17
B1XI93	VWLRLDQLEAV	11	8-17
P94502	EAQFLTGKL	9	8-17
P82697	TDPLWQLPGAHLEQYLS	17	8-17
B0RT36	DLTKGRITYRMK	12	8-17
P56132	GITQKTKETKVR	12	8-17
P0CAL8	PYTVSSRCSQYYID	14	8-17
Q9HY80	PVPAFGTTAFVAA	13	8-17
P17338	SNTKQPTPLGGVIFA	15	8-17
A9JTJ0	KRQENIAKAKRTKKD	15	8-17
A5WGT1	YDLTKGRITYRGKT	14	8-17
Q8IU53	QLKGKLRKFFKEPYSE	16	8-17
P20016	CAVVDVPFGGAKAGVK	16	8-17
Q6B8S1	LALLPFVNKD	10	8-17
A8GDS1	NSQAKVKTPQ	10	8-17
Q11JT0	AQAFVIIEAVSVE	13	8-17
P0C174	RSDLNDELEKYQ	12	8-17
Q6G2G7	KHQKRQQGNTNGI	13	8-17
C6DDT0	ERAMAGDRTPPKDNE	15	8-17
P0A746	SASLRFTDGENGEEING	17	8-17
Q8MN48	KPGDTLEIL	9	8-17
B0JNP1	KEFIEGDDRFNPGVY	15	8-17
B2S1U9	LPESTADVKVD	11	8-17
P86119	DFTGVKFDNTIGCGKG	16	8-17
A4VJH6	CQLALKRDVPREWLD	15	8-17
P34781	NIFYCIKLYFINFFVF	16	8-17
A7IDK1	VSRFKSKFGALLKG	14	8-17
Q9YPS3	LPLFDGDFWDDIIDF	15	8-17
Q58324	KHFERLKEFGLKIYDK	16	8-17
Q3IPM8	QLRETAREADSIGGQ	15	8-17
P17874	XEEFDYDLVIIGAG	14	8-17
Q6IED8	KQVESRQKESKEKK	14	8-17
Q04580	LLIKSLKL	8	8-17
B7KF62	IEMSDEISQDDIISD	15	8-17
Q5F409	RQENIVKAKRAKKD	14	8-17
A0JNM1	HLPDPQEPES	10	8-17
Q7UFB4	RGQLRASR	8	8-17
P53825	RYYVSKLINFK	11	8-17
Q9V3J3	NQYVSAVVETWKPEGV	16	8-17
P03242	VVRQASNV	8	8-17
Q8XXD0	IALGLAQPDPKEIHA	15	8-17
A2X462	LVPTGPNPLHH	11	8-17
P64562	ARYFMDELTTRLANGV	16	8-17
B1P1J2	ATTETETTTAAEGK	14	8-17
O94455	GKVSREEFAELWIHIS	16	8-17
Q8C624	STIAAYDVHNTE	12	8-17
A6BM57	HNGCRPPVKRRI	12	8-17
Q9HLD5	CSKSMGTYYIYR	12	8-17
Q2SML2	AKDSSASDSSDDSHN	15	8-17
P06903	LGMTPQDIWPSRY	13	8-17
A9KFL6	RYLALLPYCDTHQ	13	8-17
P76057	YPKINQFIKDS	11	8-17
Q7VQR6	ARRSPQFSKR	10	8-17
P26312	SLAKKIDVQTGRRPYE	16	8-17
Q8G6U1	GFGIALLANPA	11	8-17
P53547	NQILMPQNVGFN	12	8-17
O29190	VQVVEVKTG	9	8-17
B0R815	AELLGADGDDE	11	8-17
Q03QR4	HQMMAAMQQNARKK	14	8-17
P54218	ILRSENPFLYI	11	8-17
Q2EEM0	CDQSILHVHGVENMKA	16	8-17
A0B9W6	AAGVGATRSSKFVPLK	16	8-17
A1K3T3	GPATTPPTWLQAAFDAD	17	8-17
A3PGL8	GAMKLPVMTRIVVREDW	17	8-17
Q2UPT7	TELVGIDGVSKDEL	14	8-17
P04123	LVVVPPAVG	9	8-17
P64521	FGPYVRLMSVTLN	13	8-17
A6Q4B9	RIEKAAKIV	9	8-17
Q4UMB0	RIQGLEVLTVSSKD	14	8-17
O07520	EEENQNHSIA	10	8-17
P60375	LENGGARLRSAI	12	8-17
Q66654	ASKPRGRSKHRAEKQ	15	8-17
Q9P2W6	CPRARRWQPLPS	12	8-17
O57340	RTNYCTKPQKLCNM	14	8-17
B9KCJ4	EKISAFIKQTK	11	8-17
Q8QVM0	FGFVDGDPGDAGG	13	8-17
Q12351	HASGNGLLLPLCHRKRS	17	8-17
P57417	YKKSVTYNLDGNLEI	15	8-17
A8ESW4	SLDKGRITHRYK	12	8-17
A0A067NRQ5	GLVNVGCTAIDIL	13	8-17
A4XLS2	ELEQEKANKNAK	12	8-17
Q5JGF0	IEAEELNGEDV	11	8-17
P9WJ36	TVVTSEDVRSLEDEQ	15	8-17
P9WLL7	EVQIERVLGSADLLDRA	17	8-17
P85445	KIANGSGSEQDIAEAKI	17	8-17
Q8PW44	GGPGARSKYQKSYR	14	8-17
Q7YWA6	CPPGSKFIKNRCRVIVP	17	8-17
Q69YU5	KPQVSQQEELK	11	8-17
Q9D115	KHPKTPLPPELADVQA	16	8-17
P9WJ40	GPFRASEETWRELANEA	17	8-17
P72248	ADMEALGSHINL	12	8-17
B2Y208	YKKDKTGYNQVKS	13	8-17
Q18CX4	HPLLRGDGGC	10	8-17
Q5NC57	YKAKLWSLGEDDHQK	15	8-17
Q1AW97	KAVRPVPAAEA	11	8-17
P31290	YTRTGQCHCKFHWCC	15	8-17
Q8CY84	KVEKKKSEEKPEKKENS	17	8-17
Q3V0X1	RSSLEMQNMNLIKLFGG	17	8-17
B5FB26	SDGWSEDQY	9	8-17
P19129	VAPRLDERWGGTIYF	15	8-17
C0HLZ7	IDCGTVMIPSECDPKSS	17	8-17
P0A8Z3	PRALPKSIVAEFKQ	14	8-17
Q83FB6	PPILEEVE	8	8-17
B1I024	EEELMEKVLTKLKNK	15	8-17
Q04546	HKKKNSVKKRVTFLVYF	17	8-17
P13966	RWTFNEIDLAKFRAGH	16	8-17
A9BFZ5	DLNKGRIVKREKVNKD	16	8-17
P84747	PKVSPRWPPIPP	12	8-17
Q74NE6	ELGFFKWGE	9	8-17
D6C4L1	QPGKCCSGWCLIYRCT	16	8-17
A0RM32	SLDKGRITYRYK	12	8-17
Q03RS0	MIDPDEKDLDA	11	8-17
P04169	DVLVRGEGWCSVYAPA	16	8-17
Q54GN6	FTQGKLQV	8	8-17
A4IMD9	VNDEPKNG	8	8-17
P0DW17	TCIWKTWCPPSLWRRHDRKGKD	22	18-32
B8CYT9	QKRVLNRDYTSRIKEFIAKKG	21	18-32
Q7LZG2	NLAQFGFMIRCANGGSRSALDYADYGC	27	18-32
Q91G85	YTCDKPDPYGRETVCKCTLIKCHDI	25	18-32
Q38YN7	QVIDKLAAVMILQNYLDAKGPLTKQGY	27	18-32
B7J1G1	AARKRIIHKNKAARKKSRLNVLLLK	25	18-32
Q51883	YYCAPHRGAGMVGKITVEG	19	18-32
O32348	LEGVLNEIETRAAVELAKLQARAG	24	18-32
Q89AU8	YSAKGLIHKNKAARHKSNLKCKINAL	26	18-32
P23537	VTLETDGPDEQEAMDALLALIANRFGEGE	29	18-32
A5E748	LWDLIENFEKNGPTVLPTGEGTTLGVQSF	29	18-32
Q8DJU2	QTLPKFKVVVEVGGDRVVRWEPLADWVAAA	30	18-32
P85433	FNALGLSTRDLVALSGAHTIGQAR	24	18-32
Q7N9S2	EIGRFAADMKVSLTNDGPVTFWLQV	25	18-32
Q52331	SPIPYAAWAILCDLAGIGAIWKGQG	25	18-32
Q47D92	GLRLAKDDVELEFTNIEKARLVPRFD	26	18-32
P0CY64	GFENCCSKSCFEFEDVYVCGVSIDYYDSR	29	18-32
D5J6X1	KSDDCCPKLACKRTFNYCAWDGSV	24	18-32
Q608P4	MRWEKPSYNDMRFGFEVTMYIYNR	24	18-32
A2BQZ8	EQIYRAISISNNSPYHRS	18	18-32
Q8PU66	ASRDMRKAKMRNVDLDAGA	19	18-32
P24371	LESQLEMAEQVQEQMRDRMEVKK	23	18-32
O43169	SCWAYWILPIIGAVLLGFLYRYYTSESKSS	30	18-32
O06871	HVNWTSTFANQCTMKAGLGEGAALTF	26	18-32
Q8TGQ9	MLSKSNNTLFNHDCSLSFCKEKVYSKLLV	29	18-32
Q8K9J4	EKLNTVQKSIDYINNKNKK	19	18-32
P69939	QGYCDDHCQDIKKEEGFCHGFKCKCGIPMGF	31	18-32
B3ETT5	DKLSATIILQSFLSSYKRHYI	21	18-32
P02234	KWTDELSTALELAYDELAAAIKKAYA	26	18-32
Q6MRP1	KVLGQHKAVVRYAEGMEAKIQIAVERA	27	18-32
Q98965	DVCPKSSLLVKYVCCNTDRCNN	22	18-32
Q95V77	AEELRDTAAEKLHQAGEKVKGRD	23	18-32
B4R8M6	ECAPKSKLKTWEVLPKGGAAQA	22	18-32
B0K5S7	RLKVYRGSEHKHQAQKPEKLDIE	23	18-32
Q8XJL2	DAEGFLARAIQHEYDHLEGVLFIDHEL	27	18-32
P36576	HPKPPHGERAVATSSEDIVVEEFTQQNSQTQS	32	18-32
P21843	IIGGVESRPHSRPYMATLEIT	21	18-32
P71317	IEYFVNTTFNYPTMAEAYRVAALNGLNRLF	30	18-32
O27635	HMMEILDEDGLIKARVILDL	20	18-32
A6TK84	EGKAYVGEELACSASLTFALINPNTDK	27	18-32
P41348	PDNDFAGKEQTITLDEIREVTSNM	24	18-32
P13402	QAPAPNITGALETGIELIKHLV	22	18-32
A5N4R6	LTVKAVKFTKAAAQKIEAAGGKVEVI	26	18-32
B3ESD7	KKIFVDTAGRVEKFQQKYKKRS	22	18-32
Q8MMH4	LVQKYGINIHDLIDHFKH	18	18-32
B3DVT5	KKGYFGADMSVYLINDGPVTFWLKC	25	18-32
A1RAZ4	PAEGHTPGLMRPPHALSNAAHLS	23	18-32
B4EZD0	GALNWTPVRSRRETAGKSHVRLTSGKHPQQ	30	18-32
Q31IX3	RVTISECTPFSKRKTWSLVSIDEKAAL	27	18-32
Q606I1	IRLAGDYEITLHLHSDVNATLNLKVIGE	28	18-32
P56508	NEARYSHLSSSDDNYGSLA	19	18-32
Q47IR5	DLSKGRITFRHIENRGTPNPQAQRRRY	27	18-32
A5URZ5	DVAYIRFASVYRSFADIGKLREAVDELLGQGH	32	18-32
B2GHV1	AVSKGVLHKNTAANKKSGLAKKVAKI	26	18-32
P00711	NYWLAHKALCSEKLDQWLCEKL	22	18-32
A1AWV1	HHTGKYEISVDLHTDITVSIKVVIEGFQEA	30	18-32
Q9I270	HPGGYDPVPERQEQACACHRTAKPGK	26	18-32
Q2ILG4	AASKGVLHRNAASRKISRLAKAAAKPAAAAAK	32	18-32
A2SG02	LKTVGEHPVTVALHTDVVVDVNVTVVGETD	30	18-32
P32283	NRSAFNRRNQTQNIGGNQRKG	21	18-32
Q659V3	LVIDGKEVQVKPQDIQRHPYKPKVNHMDFKRV	32	18-32
A6MFL1	FGGCKANPNNFKTLEECKRTCAA	23	18-32
B5Y7T1	AKGKKMVDKRQTIKERDIERELRREGKIRY	30	18-32
O52341	VLIMETRPLSATKRWRIAKIIERAK	25	18-32
O94341	LYLLICGVSLYGAIRIFINL	20	18-32
P81123	IEQSRRDDLESLGYVLMYFNL	21	18-32
A1WC15	YEAKEAAAMQAEMPDVFKDFSF	22	18-32
B8I3A2	IAGDDTLIMVCRAEKIAEDIVNKFNKMIKS	30	18-32
Q6KYV2	NYNMLLMQIQELDNNVRQS	19	18-32
Q2LR40	DRDLYEADRLNTSGSLSNFGDYMTELGL	28	18-32
P85238	APGDLLWSDEFDGAAGSAPNP	21	18-32
C4L8J8	VASGRFAADMQVSLVNDGPVTFWLQV	26	18-32
Q9RN26	SVNGKEKYTNCKLENIHAQVSVVNVKGERMK	31	18-32
Q7NYL8	WRWVKGHAGHEFNERADQLANKGVESV	27	18-32
Q2JPL4	ETAQREIALWFDESELVSWTPVAQSWIYE	29	18-32
P33405	ARYAILFAGSNVVYNAXXQADIYTIYTFL	29	18-32
F5CPE2	TSTCKAGAYNICCSTDLCNKIP	22	18-32
P0DN04	DGMAERGACNIIPQMATNCAKACNSC	26	18-32
Q8LEQ4	CPQEAVLLQKDIAEAKDFFKHKGVDVGSN	29	18-32
Q97IU0	LKFIPKEALEEEGYGEYLKLFNKKEE	26	18-32
A0KJ40	APASAAREIAYFFSDAEICPRG	22	18-32
Q8T784	RQELQAERQSLETEQNTEPSTKSDQEQKKQ	30	18-32
O14087	VLFYPRNKNGDESGEETHPELDADPMINSF	30	18-32
Q6IPR1	FVMKELEALYFLRKYRAMKQRYYSDTNKTN	30	18-32
C4L5P3	RGKQVILDDAYPARYPLGGTKAEVR	25	18-32
P0C848	DSECNQWCTGGCSSVKGNCES	21	18-32
P43008	PSMVFYNGLGRKVEVNRLKWKVLSEQKDKE	30	18-32
Q8TGM3	MPFSPDIAYSINYALGKYFFHRISHFLESA	30	18-32
P04136	IFLVLLGFCCYRLLVTLM	18	18-32
A4FM23	GRRRRLLNYLTKVDIERYRSLIQRLGLRR	29	18-32
O34365	QWEEGRTIITYKLTSLHSVN	20	18-32
P28766	IATCVNQDPLQATTGMVPLFGIDV	24	18-32
P14571	LFALMMAFLILFAFRFFSKKGKLAGAPV	28	18-32
Q4A8T5	AKRSQGRSKYGAKRPKKSK	19	18-32
C1D1C3	ESAQRELALFFQEGELLA	18	18-32
Q5B601	TEKVNVEGGGASSSMVDNIRRGNPSGVA	28	18-32
B3WEX2	IIDPKSKMLERDAEKLDRKDQE	22	18-32
B8ESH8	RGRGPRPDRPPRRPRDDAAASDEGGF	26	18-32
A4FX65	KFSIEQKNTLKIRCEYCEKFINSIIISK	28	18-32
Q15828	QEKLRCDFEVLVVPWQNSSQLLKHNCVQM	29	18-32
Q8TYR4	HNMKVEREDGRWVAEYVVDL	20	18-32
P44192	ISRREYFNRLKTVKTSLLLLLSTEGKQYLFIA	32	18-32
Q3IJ74	SQRRKLLDYLKGKDITRYTALIKELGLRR	29	18-32
Q5FQM2	AMELDEIMRSPEVQRDLNSKPE	22	18-32
P68941	CIPFRIGPERRRKAGMPTGV	20	18-32
P14221	EIEDPEETDELNSFTKPNQERNES	24	18-32
Q3SKG9	KMGPPLAHVERVDLSETEGEYSGFEKRSD	29	18-32
Q4FMR7	IKSIGKFKVKIILHSEVDSEITINVVTADTIQ	32	18-32
Q11QD1	SIKAEIIAHAFSASASEAITNAGGKVTLIG	30	18-32
B3EPT4	RKGRLDSAAACLLLQHYLENTGNA	24	18-32
Q0HW75	SGVHTGGPDAFSAADKQAFANSLDKWLVRVKR	32	18-32
B8GF55	TDALEEALSSIEGVERAEIAELTLT	25	18-32
Q0P3M0	TRFGGVKTRTKRAIIRLKNGDTLPIFD	27	18-32
A1KRG2	DLDAAVRTIAGSARSMGLDVEGVV	24	18-32
P81278	DVTGLGQLSCLPLDGRTKFSQRG	23	18-32
A0KNE5	VQGDMITLTVDGKDEVLAFTNIQKANIVPNFG	32	18-32
O07624	HVGDEQEHLHNMTITYEGGTHA	22	18-32
C5CPT7	MKWETPTATDLRFGFEITMYVSAR	24	18-32
P32441	MKLAILGAGCYRTDAASGI	19	18-32
A6NNX1	PDNILEFAADYFTDPRLPNKIHMQLIKDKKAA	32	18-32
A1WWS3	ARHDEDYMPAEAQEALDRVEHSVDEVGDY	29	18-32
Q03393	VLPVGVLYKVKVYETDNNIVVYKGE	25	18-32
Q46172	GTVAKKNHILVLCRSVNATQQIFKELDSLRV	31	18-32
Q05FI8	DMIGCKLGEFSFTRKFKSHSKKIKRKKK	28	18-32
B2UVM8	ELFLAQKLLENAYLEYEKLQTPDKKA	26	18-32
P12245	VVIKTLVFQSESNNSFVELIPMKPLNLRAFXL	32	18-32
Q9MTQ0	AQPTGTVYDILKKAGVFTEFSLNQMEVN	28	18-32
Q09821	TTSCKWCSQGVTRRGRRY	18	18-32
A5FL87	AELMRSKEDEKIAMFHVEQ	19	18-32
A1ANJ5	AFVNGILDEIPSCAKAEEPDREQ	23	18-32
Q9KAC4	STFAPQRNVQMKTENEPS	18	18-32
Q6LQ38	WLESGPKTSRVDNIDAEIIEWRHIDGFEIK	30	18-32
B0K1A5	KHAISTITPQKPVIFSASDKDEKREE	26	18-32
P49196	NWGNEEQGRAILTDYFASKN	20	18-32
P83116	MKNPRVHEIATAMIDAVRKVLVDHQ	25	18-32
P9WP13	IVNENNANRYTNYQSRTSRPIPVVVLTRR	29	18-32
Q5WFG0	EDYVSQSEDSFADIAENLIDFDL	23	18-32
Q8WWZ1	FLCGPAEPQQPVQLTKESEPSARTKFYFEQSW	32	18-32
P03324	RIDKGEEVGETTVQRDAKMAPEETATPKTV	30	18-32
Q7TPY9	FVDEMKQYFGWGTDDEDDGDDDEEEEMEEDH	31	18-32
O77805	DCGGPRAQPLACDRPPLPGLLFL	23	18-32
Q9Z729	EENVTRDQLYEAMEFHIIEQAELMGTYEKS	30	18-32
P44219	KGVANALSQRREQGKEQGREQGREQE	26	18-32
Q8VY86	STPTDQRHCVNSVSLKFSSAGSSQ	24	18-32
P60215	LACYCYNMPDWVKIWNRATNKCGKRK	26	18-32
A8EWD9	TEFGNEELTYDNILSAATYFEW	22	18-32
A0PXV3	ASHKLPMKTKFVTRKDFEQTGGEVNEG	27	18-32
A3CRA9	SPIRSIGLIDVPVKIYQDIAGVIRLRVKEG	30	18-32
Q15V71	KERARNAGRSLDEDEQED	18	18-32
P00728	AKLDETLTMLKALTDAKGVPGNEREARDVM	30	18-32
O95990	APEFIKVRENLRRIATLTSEEREL	24	18-32
Q6AQH6	KLDIKVDCIGGLSTLEVNVELPDS	24	18-32
P62505	KASVWAILADLENNQEGKSGMFQDES	26	18-32
Q6F0T6	LNVPLLYQFELLGTQNDVEKINEILKEFWGK	31	18-32
Q8EW04	NNKVVKVDYSKPAKVYGQNSPK	22	18-32
P9WMH9	THQNEATREECPSDPTPTDD	20	18-32
B1GZY8	VNKTKMFTKQDKIFKCLFYRL	21	18-32
P60490	IDQDRAAERAAKEEAQKAQEPKASQE	26	18-32
D2DGD9	PGLSCRVSADLATLKLSLACD	21	18-32
P0C1X1	PCMCTYSCPPKRKPGRRND	19	18-32
Q6ENX7	SESSDVNFHQVNLSIRICFSF	21	18-32
Q03F48	QTGQFGADMQVELVNDGPVTIVLDTQNKE	29	18-32
Q39459	ENDGCKCGSNCTCNPCTCK	19	18-32
Q3A318	NCAEHQRKIREAIKRARNIALLPFTAGHSLD	31	18-32
Q0VS11	KEESWADVDGTLDPAALPESVQELSF	26	18-32
A5ILC9	NYIRIKNEEILKALIPKVK	19	18-32
Q8K9F1	SDISKGVITGLGLDGYFWALETISKRCCV	29	18-32
B0C811	KKGLAAFAREAGINLNQV	18	18-32
A0KEM6	VIMPVVQASFQLVDEFNQSERGEGGFGSSGRQ	32	18-32
Q6KHU4	LYGYDHVKENEAKEMNAIVESIMQKLNIKRRK	32	18-32
P0DN02	GACEWSDKYEMNCKKTCGLC	20	18-32
P0C902	GFPKPEPACCSSWCIFVCT	19	18-32
Q9C2B9	SLPPSLTIADVAKRNKKQTA	20	18-32
Q38UV4	LKLHVYAGGEHKHQAQNPEVLDITDII	27	18-32
P40779	WSQAAMEIWEKWKQKKKSAL	20	18-32
C5A3H2	DDTFTHMIMTWEESLRKNGNGKG	23	18-32
Q3B109	LRCNPFSKGGFDPVPPHDGVPGKKED	26	18-32
P03850	ALALTLSDFSLVPPHPYRQLFTLTTFQ	27	18-32
Q54GA9	TCLSHISFFALLGGSAFGIGSSLYNRYKL	29	18-32
Q6MEA7	AAETAKTEIEYFFKSQDVCARKR	23	18-32
Q3TV70	TDFFGRVVIYHLRVLGEKAG	20	18-32
P84877	CSYPSKLCNNHRANVNQQRMQQKLIRQQMVER	32	18-32
Q5YN15	RDIAVAVKNSREVALLPYVSTAR	23	18-32
P02012	ATHKALDKFLATVSTVLTSKYR	22	18-32
B1AI43	QLHDKREDIKKRDLARETRLF	21	18-32
P34199	KPVDFNQLLKKVLKRPEKSE	20	18-32
Q0BZ41	ALKGGKVEYAHKSGGRIYVNIVQMADAAE	29	18-32
Q7NPQ6	DIIPAVEDGFRDYDAQLAQ	19	18-32
Q90W95	AKALPASLPYEIRIHETDKNIVVYRGE	27	18-32
Q00133	IPVLRRRMVLDRDLRIDYSL	20	18-32
Q8PYL9	MSLKGVKFSKLTTVASNEKI	20	18-32
Q3A3B6	KLKVYTGSDHPHAAQQPLELNI	22	18-32
B1YE74	DVTPEKLKQAQEEERNKQ	18	18-32
B1I3B8	GQISGFGTAGYLLGLRAAVELVSRGKMSRA	30	18-32
G2TRT4	LKTSGSHEELVIRVQNHLRTASKKVDARP	29	18-32
P85864	DGAETPGAAASLWFGPRV	18	18-32
C6Y4B9	ICTLSADPNRPTVFECKRELDTNERKERL	29	18-32
Q13956	TVICPWEAFSHLELHELAQFGII	23	18-32
Q84F84	FTLYVEGEDEDQAFEALATLLTEMGLAQ	28	18-32
Q16AZ3	VVAPVVQASFELSDSLSETDRGSGGFGSTGGD	32	18-32
A9GF63	KPATAAREIAYFFAGYEVAPSATA	24	18-32
P40102	GGIDNYCNDEHIGAQNTGDGR	21	18-32
Q84MD2	TKDYGNNSPSPRLERPPFKLIPN	23	18-32
P14440	ADGSDPVGGESLPDTGGAR	19	18-32
Q6NH05	ATGVIAGLGTIGYELALRYVVSTLNS	26	18-32
P0C8C7	EITVEPVRHPKKDPSEAE	18	18-32
A7TR90	KISLDEDEDEDDEDAKEDDGEFDE	24	18-32
P0A3R5	RMFLGPKQLTFEGKPALELIRMVECSGKQDCP	32	18-32
Q5B4S6	CHDYFQAYRDCKKQWLTQKKLGSSSTAK	28	18-32
C0ZAQ1	ETGRFGAMMDVRLLNDGPVTLIVES	25	18-32
Q65K01	QVDLSYKPFLKMEFESKQDKAKEYDYKAGL	30	18-32
A1RWQ5	KVEHGEPGLKATRSSMFVALK	21	18-32
Q2LVU9	SKGAKPTLTVSQLLQKKGIKVGA	23	18-32
Q21HI3	KFECVATVDDQLVTSATIMCADRSI	25	18-32
A0A3G3C7U7	FCGIPFVFNGLCCSGNCVFVCTPQG	25	18-32
A7SMR0	QRKDGCFVYFDKTRECQDKDVNKTKMYGY	29	18-32
A4J125	RLYLKYGANKQRVITGLKRISKPGLRVYAKKDQIPRVLGGLGIAIVSTSKGIMTDKQARQ	60	33-60
Q1ACG0	GGKIWIRIFPDKPVTMRPAETRMGSGKGSPEYWVAVVKPGRILYEMDGVPENIARAAMKI	60	33-60
A1BFN1	MGMPNLGDMMKQIQQAGEKMQDVQKQLEKIVAYGEAGGGMVKVSVNGKQKLLTLQIDPDI	60	33-60
P51722	VAESYRKSAVNSVTEISSPLINDENYAETLYKKAVFARAKAELLPEFNTLSGREIHQNRD	60	33-60
Q1L8X2	MSENPDDLELESEEKQCELKSGCVYLQDSPEKTCNPILSEEAKLKAKYPSLGHKPGGSDF	60	33-60
Q975P8	MGGASKKPISTVEKRMKKMAEEQQKKQQKRATTKTGKELTSKNVVIDNETLKKVQEELKK	60	33-60
Q0K7V9	KIAYIRFASVYRSFEDVSEFRDVLDEFAASTPRKG	35	33-60
B6IP95	SSFTVRKISYGEGVERVFPLYSPRIDSVELVRKGDVRRAKLYYLRGRTGKSARIAERTTG	60	33-60
B9MKY6	LSTGVVFCFKDIEIQKGKTGCPMVKLYNRAEALCFELGIKNIVVSISHQKSVAVAVAIAE	60	33-60
O80669	MDQSSSTLLINQRKSSSSPTRIPPKQKRKSTTTHKPIKVRYISNPMRVETCPSKFRELVQ	60	33-60
Q7LKV3	VNGQLKDKLQYVLPLYLQETISIEFLSSVFDSMKKLSLPLVKDARGLSGDEFFLYLGIMC	60	33-60
Q7YEL1	MPFIYINVLLAYFMSLLGLLIYRSHLMSSLLCLEGMMLSLFIMATLMTLNMHLTLMYMMP	60	33-60
B1ZZH6	SKGALPTNTMHAMIKKARRSAAAQAEAAPAASA	33	33-60
O62770	MSIPFSNTHYRIPQGFGNLLEGLTREILREQPDNIPAFAAAYFENLLEKREKTNFDPAEW	60	33-60
C6DH73	MVICYHGISSRNAAQYLISLGFDSVYSIDGGFEAWQNRYPQDTQAQA	47	33-60
Q9ZB71	IIPMAWNSWIILLRFFLVLITLMLSFFLLNKMTNFFLIRSKYAIIIAENLLKTGKSKTKN	60	33-60
D6CFW3	MSDINATRLPIWGIGCDPCIGDDVTALLTRGEASLC	36	33-60
Q4JB12	EEIVKREDVRAVLASICPTTVEEVRSVLVIDPSTIYSTEQIQKIIEIIKKYVES	54	33-60
A9W605	GHLRVYKGAAHPHEAQQPQALDVGSLNRKNVSA	33	33-60
Q9XJR5	MLGALMGVAGGAPMGGASPMGGMPSIASSSSAETGQQTQSGNFTGGGINFGSNNNNQLLI	60	33-60
P30395	MLILKVFVYALILIFVSLFVFGLLSNDPGRNPYDDTGELMREVFYKDPYKGPL	53	33-60
Q8RR57	MAPVLENRRARHDYEILETYEAGIALKGTEVKSLRAGKVDFTGSFARFEDGELYLENLYI	60	33-60
Q1GQI7	WIAEAANAQSIVVTADILLADRALKAGASVLAPNGKPFTLASIGPAIATRAIMADLRAGM	60	33-60
A4FKE3	WITRINAATRQNGMSYNRFVQGLKAAGVEVDRKILAELAVNDSQAFAALVDVARQNLPEG	60	33-60
O46482	SMVRVLPAALPPGPQLVCTYRELSFSSIRLPGCPPGVDPIFSFPVALSCSCGSCRLSHSD	60	33-60
Q9PPP2	FISIGDLEWNLRERLSLDEITKINNAMYEVGLYKDSDREEDEHEIVKNDKLTQSKEQEES	60	33-60
B4XT00	GGHLVSFHSSEETDFVVELVSQTLESQILWMGLSKVWNQCDWGWSNGAKLKYKAWAEESY	60	33-60
P20081	MSEVIEGNVKIDRISPGDGATFPKTGDLVTIHYTGTLENGQKFDSSVDRGSPFQCNIGVG	60	33-60
P64742	MAINVEPALSPHLVVDDAASAIDFYVKAFDAVELGRVPGPDGKLIHAALRINGFTVMLND	60	33-60
Q05AU4	MASSIWKGLVGIGLFALAHAAFSAAQHRSYMRLTEKEDETLPIDIVLQTLLAFIVACYGI	60	33-60
A4J8G9	MKGIGTDIIEIERIELAVSRSGQQFLDRVFTAAEQEHCQGKVHSLAGRFAAKEAVLKALG	60	33-60
A5IQI0	TVSFLDSIMLIAIISFVSSVSISRFIGGGHVFNGNNKRNL	40	33-60
A7SP74	MAAAIDGSLPVCRQSAALIDGVHTDFLASWYSDRILVLVTQFQKFGTLVSVTRDQPVARP	60	33-60
Q5R0L8	TRLSSMNPAERRLQRLLLGHADDCEMDKNGRLLLSAPLRQHAGLEKKLMLVGQLNKFEVW	60	33-60
O07604	DKHDNPRCNIKVTDVFETTFGAPDMRLVKGEGNGDRIEEFQEDHRMAWAELIKSGELELN	60	33-60
Q9DXE7	MDSRTGELLTAAQSENGVYIWTVKNPLYFKITKHHERPFLRNHDIITIQVQFNYNLRKAL	60	33-60
I7JUQ0	RYTKCVGLNKNTGHRTWIALHCGDNYPFVCMSRLPH	36	33-60
Q7M6R1	MGGSPVPQLTTVTQGLMPSVRMDFRARRPLRRLAFYAPRARRRLFQNHIHPEQRRVLVGE	60	33-60
Q04G72	ISLSLKYGPNRERIITGLKRISKPGLRSYVQADSVPKVLNGLGIAILSTSEGVMTDKAAR	60	33-60
C5WR30	MLSAAAAAAVIPKLRFATRPQLRRPAARTYWPRPLSSSSHVTPAAAGAGELEPPDLTRLA	60	33-60
F1QW76	MAQGSDNNDTSYTKSPSPGNKQGSSDDMRKVMRREKNRIAAQKSRMRQTQKADSLHLESE	60	33-60
B7VJT4	MALERTFSIVKPDAVKRNLVGEIYHRIEKAGLQIIAAKMVSLTEAQASGFYAEHEGKEFF	60	33-60
P47692	MALIYKTVAQTETGREGSVKTLDGFQTKLSFPKPDLSVQTENNPEQLFASAYASCFSQAV	60	33-60
Q5E3A2	SPMLVESGYPNTWYYIYHFTHGHEKSIQKNLIVHFDDNGNLTNMEGDFPMSDSFFEKL	58	33-60
A1VNB7	FDSSTKFDAGCGWPSFSQEVKEGAIEEHVDKAHGMTRTETVCANCGAHLGHVFPDGPTPT	60	33-60
Q50300	RLPKFGNARKGFLKQEWVVLNLNKIAKLKLDKINRASLIEKQVISAKSQLPIKLIGHTKL	60	33-60
Q759K9	QFVGTLQLTLQHMAEQVPPASDMQQPSGSTIDTGAMLAHTFDSSSYGATTQTGSGPESGP	60	33-60
P56532	IKYYGGTLVTTRNVNKQQFLSGEPIFVDFFKKMQKLLHHIFPIAGIHAL	49	33-60
Q0AVU7	GIMGAKQTSALIPMCHPLNLTSVNLEFAFDEVNASIIIEAEVKTTGKTGVEMEAITAVSV	60	33-60
A5VI50	MIKGIGIDITEIERVKKAATAHSQFIQHVLTPTELEQYSQFSGQRSVEYLAGRWSLKESF	60	33-60
B4S888	EESHRSGLPCRDMICPECGHHMIRKGGCGTGQEDI	35	33-60
P03645	VXLSFAGTSYPIVGIVRFESAFDQPTSIAGSQIEHYPIEMSVGSGGVCSARDCATVDIHP	60	33-60
B3PCR4	MLSHMLKAKLHMAKVTQAELWYDGSCAIDADLVALAGMREFEQIDIYNVSNGERFHTYII	60	33-60
Q90239	MAFNGTWQVYSQENYEDFLKAIALPDDIIKAAKDVKPVTEIRQTGNTFVVTSKTPNKSVT	60	33-60
